{"initial_reset_timestamp": 1594995408.924674, "timestamps": [1594995417.3790889, 1594995426.984989, 1594995427.207519, 1594995427.252929, 1594995427.299874, 1594995427.3459551, 1594995427.3897521, 1594995427.4334981, 1594995436.590692, 1594995436.8318589], "episode_lengths": [200, 200, 200, 200, 200, 200, 200, 200, 200, 200], "episode_rewards": [200.0, 200.0, 200.0, 200.0, 200.0, 200.0, 200.0, 200.0, 200.0, 200.0], "episode_types": ["t", "t", "t", "t", "t", "t", "t", "t", "t", "t"]}