{"initial_reset_timestamp": 1595633095.848097, "timestamps": [1595633103.689335, 1595633109.075486, 1595633109.449593, 1595633109.484689, 1595633109.522735, 1595633109.549723, 1595633109.5746539, 1595633109.602429], "episode_lengths": [106, 100, 103, 105, 139, 101, 92, 105], "episode_rewards": [-106.0, -100.0, -103.0, -105.0, -139.0, -101.0, -92.0, -105.0], "episode_types": ["t", "t", "t", "t", "t", "t", "t", "t", "t"]}